text,category,is_emergency,style,subcategory
"Уважаемые, в моей квартире утечка воды из раковины ванной.",water,0,formal,утечки
"Добрый день, напор воды в кранах в моем подъезде очень низкий.",water,0,formal,напор
"Доброе утро, вода почему то красная в кухонном кране.",water,0,formal,условия воды
"Ваше уважение, в канализационной трубе вылезает газ.",water,0,formal,канализация
"С вас просьба проверить, почему из душа течет вода.",water,0,typo,утечки
Вода из под крана в туалете течёт надлежащим образом.,water,0,voice,утечки
"Доброго времени суток, у меня кака-то проблема с горячей водой.",water,0,voice,напор
"Здравствуйте, в моем подъезде канализация недопустимо пахнет.",water,0,formal,канализация
"Привет, вода из крана, как из бочки, стоит.",water,0,voice,условия воды
"Подскажите, пожалуйста, как решить проблему засора канализации?",water,0,emotional,канализация
"Здравствуйте, в коридоре подъезда 5 разлилась жидкость, прошу убрать.",cleaning,0,formal,грязь в коридоре подъезда
"Добрый день, во дворе везде мусор, помогите убрать, пожалуйста.",cleaning,0,voice,мусор во дворе
"Сложннность: в мусоропроводе застрял большой предмет, требуется промывка",cleaning,0,typo,мусоропровод
Мусорщики забыли сбросить мусор! В подъезде смрад!,cleaning,0,emotional,несвоевременная уборка
Коридор плюс подъезд грязные.,cleaning,0,short,грязь в коридоре и подъезде
"В подъезде 3 очередной раз мусор не вывезли, прошу убрать.",cleaning,0,formal,несвоевременная мусоропроводка
"Добрый вечер, на территории запахло от гнилых яиц, уберите, пжлста.",cleaning,0,voice,мусор на территории
"Во дворе на територии застряла машина з грузами, места нет, помогите убрать.",cleaning,0,typo,мусор на территории двора
"Уххх, какая грязь в подвале! Когда вычистите?",cleaning,0,emotional,грязь в подвале
"Мусоропровод кв33 забит, помочьте",cleaning,0,short,забитый мусоропровод
"Добрый день, у нас в подвале прорвало сантехническую трубу, стоит вода до половины, помогите!",water,1,voice,прорыв трубы
"Привет, господина директора! Иванова квартира на 5 этаже, и наш кухню залило горячей водой от трубы ГВС, пожалуйста, к нам АДС!",water,1,voice,прорыв ГВС
"Добрый вечер, ситуцыя беда: вода из внутренних канализационных стоков все выливаетса на цокольный этаж, нужна немедленная помошь!",water,1,typo,розлив стоков
"Здравствуйте! Пожалуйста, вышлите АДС! В нашем подъезде прорвалась труба холодной воды, куда-то побегла вода и ужасно течет!",water,1,formal,прорыв ГВС
"Вода из канализации течет розливом по лестнице, срочна помошь, всё мокро, просьба АДС!",water,1,short,розлив стоков
"Добрый день, я из 12 подъезда, вышла труба горячей воды и вся квартира под водой, помошь немедленна!",water,1,voice,прорыв ГВС
"Внимание! Засор в канализации и всё ливает на цокольный этаж, надо выслать АДС немедленно!",water,1,emotional,засор канализации
"Здравствуйте, у нас в квартире на 8 этаже прорвалась труба ХВС, стремительный утечка, срочно!!!",water,1,formal,прорыв ХВС
"Привет! На 3 подъезде канализационная вода разлилась на всю лестницу, прошу немедленно отправить АДС!!!",water,1,voice,розлив стоков
"Крайняя ситуация! Из канализации разлилось во всем подъезде, требую АДС без промедлении!",water,1,emotional,розлив стоков
"Здравствуйте, в подъезде застрял доводчик двери, и людям попросту невозможно выйти. Надеюсь на скорый выезд.",door,1,formal,застрял доводчик
"Добрый день, во дворе замок двери сломался, и просто не открывается. Всем трудно войти или выйти, требуется срочная помощь",door,1,formal,сломался замок
"Привет, в вечернее время дверь в подъезд просто не закрывается. Домофон работает нормально, но дверь не закрывается. Просим быстро помочь, иначе может произойти инцидент.",door,1,voice,не закрывается дверь
"Гудинг! Во дворе дверь открыта и не закрывается, есть риск наезда пока кто-то не откроет с внутри. Очень опасно, обязательно помочь!",door,1,typo,открытая дверь
"КАКОЙ ТАКОЙ БЛЮДЦЕВ? ВОДУ В ПОДВАЛЕ ШЛЯТ, И ДОВОДЧИК ДВЕРИ НЕ РАБОТАЕТ! НЕ МОГУТ ВЫЙТИ",door,1,emotional,не работает доводчик
ЗАЩЕПАЛИСЬ! НА 5 ЭТАЖЕ НЕ ОТКРЫВАЕТСЯ ПОДВАЛ. ПРОСТО СТОИМ ДОМОИМЕНЬЕНИЕ!,door,1,short,не открывается подвал
"Привет, в прихожей висит замок, и вообще дверь открывается как-то странно. Важно это скорее решить, иначе кто-то может не справиться.",door,1,voice,странные механизмы
"Вот такой день. Оказалась сломанная дверь во дворе, вообще ничего не открывается и не закрывается. Просим быстрого ремонта.",door,1,typo,сломана дверь
"Боже мой, дверь в подъезд просто упала! Кто-то может попасть под колеса лифта! НАДО СРОЧНО ПОМОЧЬ!",door,1,emotional,упала дверь
"Добрый день, домофон работает, но дверь не открывается. Все толкаются в нервозности. Надеюсь на быстрое решение этой проблемы.",door,1,formal,не открывается дверь
"Привет, в батарее температура 14 градусов, а нам нужно 20.",heating,0,voice,температура батарей
"Добрый день, заметили завоздушивание в квартире, пыль и холод.",heating,0,formal,завоздушивание
"Уважаемые, из стояка у нас медленно капает вода, попросили бы обратить внимание.",heating,0,formal,течи стояков
"В нашем подъезде стояки не выкачиваются, вода накапливается.",heating,0,voice,течи стояков
"Добрый вечер, пар в подвале обилие, мокрые сапоги, нужно проверку.",heating,0,short,пар
"Здравствуйте, стояки постоянно мокрые, воды набирают, кто-то проверит?",heating,0,typo,течи стояков
"Здравствуйте, опять завоздушивание, тепло не держится.",heating,0,emotional,завоздушивание
"С уважением, нам нужна помощь в выкачивании стояков.",heating,0,formal,течи стояков
"Есть проблема с паром, подвал как паровая баня, заклятый.",heating,0,short,пар
"Привет, согрейтесь, аж весь подъезд на улицу пошёл! Крыша протекает на третьем этаже.",other,1,voice,крыша
"Здравствуйте, срочно требуется помощь! От нашей краша на кровли дождь льёт как из ведра, и двор полный!",other,1,typo,крыша
"Алло! Внимание! С вопросом к вам: вода из фасада льется, как из душа, на третьем подъезд! Это аверия!",other,1,voice,фасад
"Огромное спаакблубодание, но фасад развалився, и этаж первый под водой. Кто будет тут замешкать с ремонтом?",other,1,emotional,фасад
"Внимание! Сюда! Весь балкон третьего этажа начал рушиться, опасно выходить на него. Пожалуста, поскорея ремонтируйте!",other,1,short,балкон
"Уважаемые, просьба срочноруй выехать. У нас идет лихая страсть водой с балкона на верхний этаж!",other,1,typo,балкон
"Доброго времени суток, просьба выехать экстренно! Сосульки начали рушаться, листья до 2 этажа течут.",other,1,formal,сосульки
Возникла срочная ситуация! Сосульки на крыше частично сломались на 4 подъезд и валяются внизу. Это разве нормально?,other,1,emotional,сосульки
"Доброго дня, ремонтир сейчас не трэбэ, но кировка фасада на второй этаж начала рушаться и кусочки валяются в подъезде.",other,1,voice,фасад
"Внимание! Кровля нашей квартиры в 5 этаже протекает так сильно, словно шторм сверху. Необходим срочный выезд!",other,1,short,крыша
"Добрый день, у нас неправильно работает доводчик двери в подъезде.",door,0,formal,доводчики
"Уважаемые, замок домофона 5 подъезда работает с перебоями.",door,0,formal,домофон
"Привет, входные двери подъезда часто ломаются.",door,0,voice,двери
"Доброе утро, у нас в подъезде съехала пластиковая панель рядом с замком.",door,0,typo,замки
"Добрый день, в подвале не работает замок у входной двери.",door,0,formal,подвал
"Здравствуйте, ключ не поворачивается в замке входной двери подъезда.",door,0,formal,замки
"Здравствуйте, у нас в подъезде одна из входных дверей заедает.",door,0,formal,двери
"Привет, домофон на 7 подъезде только спускает курьеров.",door,0,voice,домофон
"Доброго времени суток, у нас в подъезде сломался замок у двери подвала.",door,0,formal,подвал
"Всем привет, входная дверь подъезда щелкает и кричит.",door,0,short,двери
Добрый день! Лифт на 5 этаже не вызывается на этаж. Просим проверку.,lift,0,formal,не вызывается
"Привет, лифт стал шумиться болше обычного, это с 7 этажа. Быть может, проблема с доводчиком.",lift,0,typo,шумы
"Здравствуйте! Лифт плюсь на 2 этаже, плешь зайти пефть 9. Помогите!",lift,0,voice,не работает
"Вятниче, 4 этаж лифт миряет. Кнопки тоже не реагируют. Просим сделать поправку!",lift,0,short,кнопки
"Уваждайте, лифт с 1 этажа снова не ведет. Ждом никто не замечало, да и не могло.",lift,0,emotional,не работает
"Здравствуйте, на 6 этаже лифт только на 1и 8 этажи ведет. Просим рассмотреть.",lift,0,formal,не вызывается
Прошу вас удостовать! Лифт в нашем пультыге не реагирует на этажню навигацю. Что нада?,lift,0,typo,кнопки
"Добрый день, лифт на 3-м этаже не ведет на 5 и 9. Просим оперативно.",lift,0,short,не вызывается
Добрый вечер! Лифт плюсь и стал шумиться постоянно. Это наверно новая проблема. Просим узнать.,lift,0,voice,шумы
"Уваждайте, лифт на 10 этаже не реагирует на обычныи этажи. Уже слешало что-то плохое. Просим сделать поправку!",lift,0,emotional,не работает
"Здравствуйте, в лифте на 5-м этаже застрял человек. Нужен срочный выезд!",lift,1,formal,застрял человек
Добрый вечер. Лифт полностью отказал. Нужно обязательно помочь!,lift,1,voice,не работает
"Врятельно, лифта на 3 этаж не открыватся вовсе. Кто-то заблокировался?",lift,1,typo,застрял человек
Как дела? У нас насмерть застрял в лифт коридор! Есть люди на высоте 8!,lift,1,emotional,застрял человек
"Лифт бесконечно шумит, эт такой ужасный. Помогите помочь!",lift,1,short,шумы
"Внимание, в лифте на 7 этаже задымлено. Люди застряли. Это АВАРИЯ!",lift,1,formal,застрял человек
"Вот здрище, лифт хрюкать начал и четка не доезжает до низа. Что делать?",lift,1,voice,шумы
"Друзи, в лифте заблокировался, паразиты, не можем вылазить. Немедленто где помочь?",lift,1,emotional,застрял человек
"Лифт не включается ни кнопками, ни в кабине. Почти полная авария.",lift,1,short,не работает
"Добрый день, лифта не ходит совсем. Проверяли кнопки - все норм. Но не открывает кабину. Подскажите, пожалуйста.",lift,1,formal,не работает
"Привет, в подъезде вспыхивает щиток, слышны детские крики, детишки уже на улице. Пожалуйста, немедленно высылайте АДС.",light,1,voice,искры с щитка
"Срочно нуждаемся в помощи! В лифтовом холле чуть не плюхнулся в темноте, потому что снова на щитке искра. Возьмите это к сведению.",light,1,emotional,искры с щитка
"Здравствуйте, на ул. Космоналта, дом 90, в холле зажглось искры с щитком, слышно трескотню и дым, люди перепуганы. Немедленно обратитесь к АДС.",light,1,formal,искры с щитка
"Добрый день, вечером заметили искры с электрощитком на лестняке, чуть не горело. Люди боятса идти в лифт. Спасите! Пожалуйста, вышлите АДС.",light,1,short,искры с щитка
"Мага, видно полыхало щиток в холле, много дыма, шума и запаха гари, очень пахнет. Срочно нужна АДС, люди дома боятся.",light,1,voice,искрение с дымом
"Алеё, надо срочно позвонт АДС! Щиток в подъезде полыхал, и вон там сочился дым, люди стучат дверьми, малышы плачут. Пожалуйста, дайте знать.",light,1,typo,искрение с дымом
"Здравствуйте, срочно! В подъезде щиток вспыхивал, был дым и странный запах горелого, люди перепуганы. Немедленно вышлите АДС.",light,1,formal,искрение с дымом
"Ей, АДС, немедленно вышлите! Щиток в подъезде огонь полыхает, а детишки на улице перепуганы. Спасибо!",light,1,emotional,искрение с детьми на улице
"Добрый день, детишки плачут и говорят про огонь, кошки мечутся около щитка. Все трепещут. Обращаем ваше внимание, вышлите АДС немедленно.",light,1,formal,искрение с детьми на улице
"Опаснось! Щиток вспыхивает, дети на улице перепуганы, итак, надо вышлить АДС.",light,1,short,искрение с детьми на улице
"Добрый час, лифт в нашм подъездым не вызыватся на этаж.",lift,0,typo,не работает
"Поздравствуйте, ставятся некоррты звуки в лифте, когда пырасажатся.",lift,0,formal,звуки
"Привет, в лифте что-то не так со штобымы, не слышытся нажатые.",lift,0,voice,кнопкы
"Здравстуйте, лифт иногда сам открыватся без задыня, мои дети опасаются.",lift,0,formal,самопрятывание
"Добрый день, в лифтэ звук какбы травмателся, особенно веерх обрат.",lift,0,typo,звуки
"Добрый вечер, лифт в нашм доме наконецы часты погасают, вродно сбошылы.",lift,0,voice,кнопкы
"Поздравствуйте, лифт у нас иногда кидашытся назад, когда хотят открыватся.",lift,0,formal,тормозы
"Привет, лифт стал задерживатся на медлые, особенно по вечерам.",lift,0,voice,задержки
"Здравствуйте, в лифтовом штобы у нас иногда перегорают лампочкы.",lift,0,formal,не работает осветлннее
"Привет, лифт у нас гудит необычно, когда едем вверх.",lift,0,voice,шумы
"Здравствуйте, на вестибюле 5 подъезда не выключается автомат. Можете ли вы справиться с этим?",light,0,formal,автоматы в вестибюле
"Привет, в коридоре 7 этажа тусуются мухи. Думаю, может свет не горит сутками. Подскажите, что делать?",light,0,voice,освещение коридоров этажей
"Добрый день, у нас в дворе одна лампочка в пандусах не горит. Подскажите, как ее врыть.",light,0,typo,освещение пандусов в доме
"Здравствуйте, в вестибюле второго подъезда искрит щиток. Ехали не знаю как, нужны ваши инструкции.",light,0,formal,искрение в щитках
"Здрасьте, на улице у нас провод с мулами висит. Переклеить это скоро можно?",light,0,typo,провода/электромонтаж
"Привет, свет в подъезде 3 иногда выключается и жжет. Кому позвонить, чтобы починили?",light,0,voice,автоматы в вестибюле
"Здравствуйте, в пандусах последнего этажа свет загорелся, но то насветит то воткнет. Помогите пожалуйста.",light,0,formal,освещение пандусов в доме
"Добрый денечек, у нас в вестибюле свет ваще не горит. Это из жизни или ваши мастера скоро починят?",light,0,voice,освещение вестибюлей
"Здравствуйте, во дворе на скамейке крыло тляпой покрылось, думаю, свет там не горит. Нужен ваш выезд?",light,0,typo,освещение дорожек во дворах
"Здравствуйте, в щитке нашего подъезда свет включается, но тусует красный фонарь. Подскажите, что с этим делать?",light,0,formal,искрение в щитках
"Здравствуйте, на 5 этаже обнаружена утечка отопления после того, как радиатор лопнул. Температура в квартире опасно падает!",heating,1,formal,течь радиатора
"Добрый день, в подвале при радиаторе образовался пар, запах гари и есть искрение. Нужно немедленно проверить!",heating,1,formal,искрение и пар при радиаторе
Приблизительно через час после включения отопления ощущается сильный запах гари и мы видим искры из щитка. Помогите!,heating,1,voice,искрение щитка
"Ну вот опять на батарее температура 5 градусов, холодильник выключился, жду практически месяц ремонта. Когда поправите?",heating,1,emotional,сильное понижение температуры
"На 7-ом этаже в квартире поток горячей воды валит из радиатора. Все окна открыты, не могу сама остановить.",heating,1,formal,утечка отопления
"Помогите, пожалуйста! В подъезде возле котлована свист пара, вентиляция не работает, не могу спать от шума и запахов!",heating,1,voice,пар в котловане
"Сегодня радиатор в моей квартире залило всю ткань нижнего белья, что делать? Помогите!",heating,1,typo,утечка радиатора в квартиру
"На батарее в квартире температура +25 градусов, отопление неконтролируемое. Что делать?",heating,1,short,температура батье +25
"Здравствуйте, есть сильное искрение и запах гари у щитка на 2 этаже. Кажется, это отопление. Нужна помощь!",heating,1,formal,искрение щитка
"Здравствуйте, у нас на территории разлился мусор из черного водостока, пахнет запахом разлития.",cleaning,1,formal,разлив мусоропровода
"Добры день, в подъезде мусор на лестнице и стуков ленты поломана, пахнет сильно.",cleaning,1,voice,запах разлития мусора
"Сюда! Грязь и мусор в воротах. Кто-то съездил с велосипедом, приказываю очистить!",cleaning,1,short,грязь на входе
"Вайберзжаю, из мусоропровода разлилась грязь и вода, зело пахнет! Необходимы страпки срочнo!",cleaning,1,typo,разлив воды из мусоропровода
"Уважаемые, котловань разлилась и вытекает на двор. Ситуацию важно быстро урегулировать!",cleaning,1,formal,разлив котлованя
Здрасти! На улице куча строительных отходов после ремонта. Грязнее не бывает!,cleaning,1,voice,строительные отходы
"Срочно! Кто-то вывалил весь мусор из помывалки в водосток, очистить обязательно!",cleaning,1,short,разлив мусора из помывалки
"Алло, в подъезде пахнет запахом разлитого стока из мусоропровода, прикажываю выехать!",cleaning,1,typo,запах разлития стока
"Уважаемые, после дождя двор затоплен, почти невозможно предать ходу, приборка срочна!",cleaning,1,formal,затопленность двора
"Сюда! На территории куча грязи и воды с дождя, как забытый участок!",cleaning,1,short,грязь на территории
"Привет, вода из крана в подвале выходит крайне медленно.",water,0,voice,напор воды
"Добрый день, в кухне наблюдается небольшая утечка из водопровода.",water,0,formal,утечки ГВС
"Здравствуйте, в моей квартире из-под раковины в ванной вытекает вода.",water,0,formal,утечки ГВС
"Здарова, в канализацию кто-то мог опростить пластиковые тарелки, сеанс засора.",water,0,voice,засор канализации
"Здравствуйте, воды из скважины нет, но не вижу, что это авария.",water,0,formal,напор воды
"привет, у котловобычайное нехватка напора в водоснабжении.",water,0,voice,напор воды
"Здравствуйте, заметила, что в мойке стекает вода из-под раковины.",water,0,formal,утечки ГВС
"добрый день, пожалуйста, срочно позвоните, в каналке что-то не так.",water,0,typo,засор канализации
"Здравствуйте, наблюдаю замедленный поток воды из крана в ванной.",water,0,formal,напор воды
"В ванной утечка из крана, проблема не критичная, но могу уточнить.",water,0,short,утечки ГВС
"Здравствуйте, заблокирована дверь входная в подвале, нам кто-то нельзя попасть в подвал.",door,1,typo,заблокирована дверь
"Добрый день, осыпаются кирпичи с фасада, аулица под ногами, надо быстро выезжать.",door,1,formal,осыпающийся фасад
"Алло, адс! дверь в коридоре щелкает, заблокировали, не могу попасть домой!",door,1,voice,заблокирована дверь
"Врните, застряли в лифте, дверь в коридоре не открываеться снаружь, нужна брезспека!",door,1,emotional,заблокирована дверь
"Уважает, огонь открытый в подъезде, не могу зашь внутрь, пожалуйста выслушайте!",door,1,formal,не закрытый огонь
"Добрый день, дверь в под'езде не работает, нужен быстрый выезд АДС, спасибоооо!",door,1,short,не работает дверь
"Помогитее, дверь в подвале полностью заблокирована, огонь не выкльчен, требуется немедлйный выезд!",door,1,formal,заблокирована дверь
"Пожалуста быстро выезжайте, в подъезде дверь открыта, а огонь не выкл'чен, потенциальная опасность!",door,1,voice,не закрытый огонь
"Внижайтесь, дверь в подвале немо жълаеть открываться, внутри нет газорода, требуется быстрый выезд!",door,1,emotional,нерабочаеться дверь
Внимание! На кровле обнаружен протечающий водоотвод. Поток воды сильный. Необхожимо провести ремонт немедленно! Прошу выслать АДС!,other,1,voice,кровля
Добрый день! Из фасадной стенки в подвале течет вода. Обеспокоена за гарпромущества. Спасибо!,other,1,emotional,фасад
Строение требует немедленного вниманииа: у балкона массовая текучесть швов. Возмжны разрушения. Заранее благодарна!,other,1,formal,балкон
"Есть сосульки, угрождающие обвалом. Необхожимо срочно вмешаться!",other,1,short,сосульки
Обнаружено протекание на фасаде! Срочно требуется АДС. Спасибо!,other,1,voice,фасад
"Уважаемая Управляющая Компания! В балконе, кажется, ответственное протекание. Необходима немедленная проверка!",other,1,formal,балкон
Зустроено протекание от фасада до подвала. Это авария! Необхожам ремонт!,other,1,typo,фасад
"Первое сентября, булагром. Домоуправлению необходимо срочно исследовать балкон. Он обвис в воде! Спсибо!",other,1,voice,балкон
На крохле обнаружен обваловидный глиф. Это опасно! Срочно требуется АДС!,other,1,short,кровля
"Здравствуйте, у нас замок в подъезде сломался, не открывается дверь.",door,0,formal,сломан замок
"Привет, дверь в подвале криво захлопывается, можете починить?",door,0,voice,захлопывается дверь
"Проблеммы с домофоном: не открываются двери, помогите!",door,0,typo,не работает домофон
"Поскрбляюсь вам, дверной доводчик гудит весь день, мешает жить!",door,0,emotional,гудит доводчик
"Дверь в подъезде не закрывается, нужна помощь.",door,0,short,не закрывается дверь
"Уважаемые, замка в гараже сломан, кто поможет его заменить?",door,0,formal,сломан замок
"Если можно, мне подбросьте клейма на замок в подвале.",door,0,voice,нужны клейма
"дверь в подвале не держит тяжелый шкаф, что делать?",door,0,typo,не держит дверь
"Это уже не первый раз, дверь во дворе не закрывается правильно!",door,0,emotional,не закрывается дверь
"Замок сломан, кто подбросит мастера?",door,0,short,сломан замок
"Привет, тут в ванночке стены начали обваливаться, можете проверить?",other,0,voice,вопросы
"Добрый день, открытые желоба на кровле вызывают беспокойство, надо разобраться.",other,0,formal,кровля
"Вас просим зайти к нам на окна, сосульки на балконе висят и готовы упасть.",other,0,typo,балкон
"Проделайте, пожалуйста, осмотр фасада, он виден хуже становился.",other,0,short,фасад
"Срочно нужен инспекционный осмотр кровли, слышен водопад при дождях.",other,0,emotional,кровля
Привет. У нас плесень уходит от балкона. Можно ли помочь?,other,0,voice,балкон
"Вас прошу проверить состояние сосулек на 5 этаже, опасно они.",other,0,formal,сосульки
"Добрый день, на кровле потеки видны, не могли бы вы к нам приехать?",other,0,typo,кровля
"Опасна иэлементарная грязь на балконе, смотрите?",other,0,short,балкон
Беспокоюсь от старого состояния фасада! Мы рады пупростить доступ.,other,0,emotional,фасад
"Привет, в подъезде вдруг начал искрить щиток, нужно срочно проверить электричество. Спасибо!",light,1,voice,искрение щитков
"Добрый день, в нашем доме заметили, что щиток в подъезде искрит довольно сильно. Прошу немедленно вывести на проверку.",light,1,formal,искрение щитков
"Уважаемые, щиток в подвале на грани возгорания! Искрит сильно, пожар опасен! Спасибо блин!",light,1,emotional,искрение щитков
Уважаемые! Щиток в 1 подъезде искрит. Моментально высылайте специалиста на проверку.,light,1,formal,искрение щитков
"Здравствуйте, в подъезде щиток искрит. Это опасно. Прошу немедленно проверить.",light,1,formal,искрение щитков
Внимание! В подъезде щиток искрит прямо на кухню. Где специалисты по электрике?,light,1,emotional,искрение щитков
"Щиток в 3 подъезде искрит довольно сильно. Пожалуйста, проверьте это срочно.",light,1,formal,искрение щитков
"Щиток в подъезде искрит на виду у всех. Не хватает света и паука, коли не справитесь с ремонтом. Спасибо!",light,1,voice,искрение щитков
"Щиток в подъезде начал искрить. Необходима проверка, опасно!",light,1,short,искрение щитков
"Привет, щиток в нашем подъезде искрит. Срочно нужен специалист на проверку.",light,1,voice,искрение щитков
"Здравствуйте, в лифте на третьем этаже кнопка не работает. Приглашаюте к выезду технического сервиса.",lift,0,formal,не работает кнопка
"Привет, вот здесь люди скажуть, что лифт на 5-м этаже шумит. Можете ли прикрутись к выезду технического сервиса?",lift,0,voice,шумы
"Слушаютьесь? Лифт никак нет не зашаривает, но там человека нет. Просто так никак не работает. Можете приславить сервис?",lift,0,voice,не работает
Добрый ден щас. Лифт на 1-м этаже стукт при нажатии кнопки. Треба перевъерку. Спасибо.,lift,0,typo,шумы
"Запретствуйте, в лифте на 6-м этаже кнопки не работают, как ето нажатии нет. 
 приглашаю к сервису.",lift,0,formal,не работает кнопки
"Лифт на 4-м этаже не работае, междуэтажная платформа совсем открыта. Когда придет сервис?",lift,0,typo,открыта платформа
"Привет, вот здесь люди скажуть, что лифт на 2-м этаже довольно громко шумит. Можете ли прикрутись к выезду технического сервиса?",lift,0,voice,шумы
"Добрый ден! Лифт на 7-м этаже просто не работает. 
 приглашаю к выезду.",lift,0,typo,не работает
"Здравствуйте, Ваш сервис нужен, лифт на третьем этаже просто не зашаривает, несмотря на кольколичество нажатий. 
 приглашаю к выезду.",lift,0,formal,не зашаривает
"Привет, вот здесь люди скажуть, что лифт на 8-м этаже не работает как следует. Можете ли прикрутись к выезду технического сервиса?",lift,0,voice,не работает
"Добрый день, в подъезде перегорела лампочка в лестничной клетке.",light,0,formal,освещение подъезда
"Зашёл в дверь, а там совсем темно. Лампочку нужно поменять в подъезде.",light,0,typo,освещение подъезда
"Хало в подъезде, перегорела лампочка в лестничной клетке. Попросите поменять.",light,0,voice,освещение подъезда
"В лифтовой шахте темно, перегорела лампочка. Можете ли помочь?",light,0,formal,освещение лифта
"Просьба, заменить лампочку в шахте, там темно плохо видно. Спасибо.",light,0,voice,освещение лифта
"В подъезде третьего корпуса, на втором этаже, лампочка не светит. Покажите сигнал тех.персоналу.",light,0,formal,освещение подъезда
"Чёрт, опять перегорела лампочка жилого корпуса у входа. Поменяйте плиз!",light,0,emotional,освещение подъезда
"В коридоре гаражного комплекса нет света. Судя по всему, лампочка перегорела.",light,0,formal,освещение гаража
"Добрый день, перестали светить лампочки в дверях гаража. Спасибо.",light,0,short,освещение гаража
"Сообщаю, в подъезде дома 12 освещение уменьшено до минимума. Замените лампочку.",light,0,formal,освещение подъезда
"Привет, посмотри, сосульки начинают отваливаться и могут упасть в подъезд.",other,1,voice,сосульки
"Привествуйте, с фасада обломило кирпич, и вот он теперь на тротуаре! Пришлите быстро!",other,1,typo,фасад
"Очень нужна помощь, с кровли потекло внутрь много воды после дождя, вся квартира под водой.",other,1,emotional,кровля
"Здравствуйте, ребята, в дождьовую погоду стекло на балконе сломалось и упало.",other,1,formal,балкон
"Слушаю вас, из-за непогоды на кровле образовались провала и шумит под ними, это опасно!",other,1,voice,кровля
"Уважаемые, фасад у нас ржавеет, и уже пошла трещина, дети могут стукнуться, ремонта нада!",other,1,typo,фасад
"Подъезд течет, вода с верхней кровли протекает, ребята выручайте!",other,1,short,кровля
"Как блин быстро сюда не прийти? С нашего балкона, крома как олово, нету крыши, потек ща все долой.",other,1,emotional,балкон
"Есть проблема, с кранишька на балконе началось кровотечение и воды не удерживают. Помогите!",other,1,formal,балкон
"Подбеждите, с фасада отвалилось крыша, дети могут жраться, это же опасно!",other,1,voice,фасад
"Привет, у нас в подъезде течет из крана и на всяком этаже теперь ботинки подмочить можно. Просим быстро восстановить.",cleaning,1,voice,течь из крана
"Здравствуйте, на дворовой территории возникла лужа от сломанного жбана, требуется тпо выезд бригады.",cleaning,1,formal,лужа
"Хватило и сбокса дождя, чтоб двор превратился в болото. Просим немедленно прибрать и устранить причину.",cleaning,1,emotional,грязь
"Мусоропровод постоянно забивается, надо быстро устранить засор для водопровода.",cleaning,1,short,засор мусоропровода
"Здравствуйте, в мусоропроводе сильно попахло, нужен выезд профессионалов для устранения.",cleaning,1,formal,запах из мусоропровода
"Внизу подъезда лужа с метелками, б одного навеса в реку навесит. Убрать нада нмедленно.",cleaning,1,typo,лужа с метелками
"Просим немедленно убрать постоянно накапливающийся мусор во дворе, очень плохо выглядит и опасен для детей.",cleaning,1,voice,накапливание мусора
"Во дворе после дождя сформировался ледяной ров, труднопроходимый. Бригада над немедленной уборкой, пожалуйста.",cleaning,1,formal,ледяной ров
"Не вымыт подъезд в течение недели, канализация вот-вот прорвет. Вызвать службу надо срочно, пожалуйста.",cleaning,1,emotional,не вымыт подъезд
"У нас в подъезде накопилось множество пакетов и объемистых отходов, требуется быстрое вмешательство.",cleaning,1,short,накопление мусора
"Здравствуйте, в холле подъезда слишком мусор и грязь. Уже целую неделю жду уборки. Буду благодарен за оперативную помощь.",cleaning,0,formal,улица и холлы
"добрый день, пожалуйста помогите с уборкой дворовой территории, там стоит куча мусора, котоорый надо вывезти. это третий день так и лежит. спасибо",cleaning,0,typo,дворовая территория
"Привет, видите ли вы какая у нас грязь в подвале? Совсем неудобно. Пожалуйста, уберите лишний мусор и подметите. Заранее благодарен!",cleaning,0,emotional,подвальная территория
Здравствуйте. У нас больше месяца ньт уборки мусоропровода. Там мусор и твард. Прошу принять меры.,cleaning,0,formal,мусоропровод
"Слышел, что в холле нашего подъезда много грязи и мусора. Можете его убрать?",cleaning,0,short,холлы
"Въетеркая мне, письмо по поводу накопления грязи в подвале. Любезно убрать. Спасибо за понимание.",cleaning,0,voice,подвальная территория
"Здравствуйте, в подъезде стоит какая то слишком ужасная грязь. Буду весьма признателен, ежели сможете решить этот вопрос.",cleaning,0,formal,холлы
"опомнился, как ужасно выглядит наше дворовое пространство. мусор и грязь повсюду. пожалуйста, уберите что-нибудь.",cleaning,0,voice,дворовая территория
"Привет, у вас не такая уж строгая этика, если нашего подвала никто не убирает? Будьте любезны, вывозите мусор.",cleaning,0,emotional,подвальная территория
"С вами проблема: надо убрать грязь в холле нашего дома. Напоминаю, за месяц ничего не сделано.",cleaning,0,formal,холлы
"Привет, у нас в подъезде сломался замок входной двери. Кто-нибудь его починит?",door,0,voice,замок входной двери
"Добрый день, замок от домофона не работает. Помогите, пожалуйста.",door,0,formal,замок домофона
"Внимание управлению, в подъезде тормозит дверь автоматический. В чем проблема?",door,0,typo,доводчик двери
"Привет, дверь в подъезд перестала закрываться. Можете помочь?",door,0,voice,дверь подъезда
"Добрый день, в подвале застряла дверь на замке. Кто может помочь?",door,0,formal,замок подвальной двери
"Здравствуйте, дверь подъезда замок сломался, подскажите что делать.",door,0,typo,замок подъездной двери
"Добрый день, кто-то открыл дверь подвала, а она не закрывается. Есть варианты решения?",door,0,formal,дверь подвала
"Привет, доводчик двери мерзко работает, требуется ремонт. Кто занимается этим?",door,0,voice,доводчик двери
"Добрый день, сломался замок на входной двери, кто-нибудь знает, когда починят?",door,0,formal,замок входной двери
"Внимание, дверь в подвал заковыристо работает, с помощью не можете, пожалуйста?",door,0,typo,дверь подвала
"Посетуйте, мимоходом заметил, что сосульки на первом этаже почти отвалились. Просьба проверить.",other,0,typo,сосульки
"Добрый день, кто-нибудь видел,что водосток с крыши несет воду рядом со стеной здания? Может, пойти проверить?",other,0,formal,водосток
"Здравствуйте, на балконе 10 этажа облуплись эмали. Необходимо косметь.",other,0,typo,балкон
"Добрый день. Прошушу вас произвести обследование состояния кровли, так как кое-где видны провисания.",other,0,formal,кровля
Здрасте! Наш балкон 7 этажа покрыт плесенью. Просьба в кратчайшем вримени!,other,0,voice,балкон
"Сообщаю, что белые круги на фасаде рядом с входом не ухаживаются. Просматрьте, пжлста.",other,0,formal,фасад
"Привет, мне сосед пожаловался, что на фасаде чёрные пятна появились. Необходимо убрать.",other,0,voice,фасад
"Доброго времени! Обращаюсь к вам с просьбой очистить сосульки с 5 этажа, они очень грязны.",other,0,formal,сосульки
"Приветствую, соседи пишут, что у них с кровли вода течёт нормально. Кто-нибудь поправит?",other,0,voice,кровля
"Здраствуйте, на фронте здания появились трещины. Просьба внести изменения.",other,0,typo,фасад
"Здравствуйте, в квартире довольно прохладно, вероятно, из-за плохого завоздушивания в системе отопления.",heating,0,formal,завоздушивание системы отопления
"Уважаемые, стояки отопления в нашем доме издают постоянные течи, хотя температура нормальная.",heating,0,formal,течи стояков
"Дорогие, в подвале стоит влажный пар от системы отопления, возможно, надо проследить за вентиляцией.",heating,0,formal,вентиляция
"Добрый день, в батарее стало слишком тепло, хотя в квартире все еще прохладно.",heating,0,formal,температура батарей
"Здраствуйте, мне кажется, что в системе отопления что-то не так, сегодня в квартире холодно.",heating,0,voice,нормальная температура в квартире
"Добрый день, слышу шум из подвала, думаю, что-то не так с отоплением.",heating,0,short,шум в подвале
"Привет, у нас в батарее пар увеличился, думаю, что стоит проверить.",heating,0,voice,пар в батарее
"Уважаемые, у нас в подвале много пара и холод, понимаю отопление не очень.",heating,0,emotional,"пар в подвале, температура"
"Добрый день, в нашем доме сейчас холодно, думаю, что система отопления не работает как надо.",heating,0,typo,холод в доме
"Привет, в нашем доме слишком влажно, думаю, вентиляция не работает с отоплением.",heating,0,voice,влажность в доме
"Прошу́бо помо́чь, утечка воды из крана в подвале, едыýно влага пуговырлась!",water,1,typo,у́течка
"Доброго вре́мени, на 5 этаже прощыплась канализация, лечу́ дождёва внутри и поверььььььььььььььььььььььььььььььььььььььььььььььььььььььььььььььььььььььььььььььььььььььььььььььььььььььььььььььььььььььььььььььььььььььььььььььььььяяяяяяяяяяяяяяяяяя!",water,1,voice,засор
"Добрый день, в нашей квартире внезапно убавился водоснабжень, пи́ть проблемы с ХВС, критично решить, ся́люсььььььььььььььььььььььььььььььььььььььььььььь!",water,1,short,выключение
"Доброго дня! В моем подвале лющи́ца труба ХВС, о́бесь влага, попрошу́ скорейшею рапмезу!",water,1,formal,у́течка
"Су́щей ми́нуток! Прорвалась труба ГВС на первый подвале, кипящая вода летит очень силно! Ну́жен срочный выёзд!",water,1,voice,прорыв
"Хало навстречью! Ваша помочь нужнада, ибо базо́лся засор в канализации, но́сят водяные стоки!",water,1,typo,засор
"Спаси́бо! В квартире во́ды вообще нету́, копиться получащесьььььььььььььььььььььььььььььььььььььььььььььььььььььььььььььььььььььььььььььььььььььььььььььььььььььььььььььььььььььььььььььььььььььььььььььььььььььььььььььььььььььььььььььььььььььььььььььььььььььььььььььььььььььььььььььььььььььььььььььььььььььььььььььььььььььььььь!",water,1,voice,выключение
"Уважамый коллега, в нашем коридоры во́ды просто нету́ – выключение ГВС, наверьььььььььььььььььььььььььььььььььььььььььььььььььььььььььььььььььььььььььььььььььььььььььььььььььььььььььььььььььььььььььььььььььььььььььььььььььььььььььььььььььььььььььььььььььььььььььььььььььььььььььььььььььььььььььььььььььььььььььььььььььььььььььььььььььььььььььььььььь!",water,1,formal,выключение
"Опа́шу́, в моей квартире утечка ГВС, потоп, наверььььььььььььььььььььььььььььььььььььььььььььььььььььььььььььььььььььььььььььььььььььььььььььььььььььььььььььььььььььььььььььььььььььььььььььььььььььььььььььььььььььььььььььььььььььььььььььььььььььььььььььььььььььььььььььььььььььььььььььььььььььььььььььььььььььььььььььььььььььььььььььььььььььььььььььььььььььььььььььььььььььььььььььььььььььььььььььььььььььььььььььььььь!",water,1,short,у́течка
Наверььььььььььььььььььььььььььььььььььььььььььььььььььььььььььььььььььььььььььььььььььььььььььььььььььььььььььььььььььььььььььььььььььььььььььььььььььььььььььььььььььььььььььььььььььььььььььььььььььььььььььььььььььььььььььььььььььььььььььььььььььььььььььььььььььььььььььььььььььььььььь!,water,1,emotional,у́течка
"Добрый день, это из подъезда 12. В лифте застрял человек на третьем этаже, пожалуйста, вызовите АДС!",lift,1,typo,застрял человек
"Мы пливучие в четырехэтажке, и в кароще тут застряла моя бабушка, пабысите, пожалуйста, не теряя времени, выезжать!",lift,1,voice,застрял человек
"Добрый день, в нашей многоквартирной квартире лифт застрял на четвертом этаже, там люди в кароще. Не морочьте голову, побыстрее вызывайте спасателей!",lift,1,typo,застрял человек
"Аварийная ситуаца! В подъезде номер 7 застрял человек в лифте на 5 этаже. Пожалуйста, срочно выезжайте спасателем.",lift,1,short,застрял человек
"Это от жителей 6-го подъезда, лифт застрял на 2 этаже, внутри находятся люди, немедленно вызовите аварийку, пожалуйста.",lift,1,formal,застрял человек
"Добрый день, это из 8-го подъезда. В лифте застряла женщина на 10-м этаже, кричат, что ей плохо, нужна помощь срочно!",lift,1,voice,застрял человек
"Авария в подъезде 3, лифт застрял на 4 этаже, в ным человек. Не можете поболее быстро? Пожалуйста!",lift,1,emotional,застрял человек
"Минутку, в 9-ом подъезде лифт застрял на 1 этаже, там находятся два человека, подзывайте срочно спасателей, пожалуйста!",lift,1,typo,застрял человек
"Добрый день, в нашей подъезде лифт застрял на 7-м этаже, в ным человек, понадобилась немедленная помощь!",lift,1,voice,застрял человек
"Срочно задзвонить в АДС, лифт в подъезде 10 застрял на 3-м этаже, внутри женщина с проблемами со здоровьем!",lift,1,short,застрял человек
"Здравствуйте, перегорела лампочка в холле подъезда 5.",light,0,formal,освещение холла
"Добрый день, детектр звенит в подъезде 2, возможно искрение.",light,0,typo,искрение детектра
"Слышим треск из щитовой в подъезде 8, в подвале.",light,0,voice,щитовая
"В подъезде 7 на лестнице свет не горит, попросили бы кого-нибудь починить.",light,0,short,освещение лестницы
"Добрый день, соседи сказали, что провод на углу заметали, могут заземлить, возможно электрическая опасть.",light,0,typo,опасность провода
"Уважаемые, лампочка над гаражем не горит уже неделю, это в подъезде 12.",light,0,formal,освещение гаража
"Доброе утро, в коридоре 3 этажа лампочка перегорела, замените плиз.",light,0,voice,освещение этажа
"Добрый день, если можно, плиз проверите заземление в щитовой на 4 подъезде.",light,0,short,заземление щитовой
"В рассветные часы свет в портике подъезд 10 мерцает, покажите, кто это ремонтирует.",light,0,emotional,освещение портика
"Здравствуйте, искрит щиток во дворе, это обычная авария и нужно срочно проверить.",light,0,formal,искрение щита
"Привет, срочно нужен выезд на 5 этаж в подъезде. Отопление не работает на всю квартиру, ровно сутки. Ждем ответа.",heating,1,voice,отопление не работает
"Добрый день! Обратите внимание на батарею в нашей квартире на 8 этаже. Течшь вода, когда греишь, абсолютно невыносимо!",heating,1,formal,течь воды
Нужно выслать тех.силы ужасно быстро! Лопнул радиатор в батарель 12эт и плашь практически на весь пятый подъезд. Нельзя там быть!,heating,1,emotional,лопнул радиатор
"Здравствуйте, на 3-м этаже пошла капель из труб в батарее, вода течет великими потоками.",heating,1,formal,течь воды
Cрочная проблемма! Помощь трудна! В батареи на 7-ом этаже пачинаетсь течь вода из-под краина гревого стояка!,heating,1,typo,течь воды
"Добрый вечер, на 9-м этаже плашет тепло даже с утра, батареи не греют вовсе. Не подходить без полной защиты!",heating,1,formal,отопление не работает
"Здравствуйте, в батарее 4-го этажа образовался пар и начались проблемы с паропроводами. Необходим выезд бога сперва!",heating,1,formal,проблемы с паропроводами
"На 2-ом этаже в батарее слышен треск, в колличестве воздуха слишком много. Думаеться о завоздушиваньи, но это опасненно!",heating,1,voice,завоздушиваньие
"Ой, в батарее на 10-ом этаже закипела вода в паропроводе, начинаеться утечь пара! Срочно тех.выслать!",heating,1,voice,паропроводе
"Дзровствуют, на 11м-этаже есть отопление, но сама батарея наполнилась водой, каплет плаша. Важно выслать тех.силы скорее!",heating,1,formal,наполненье воды
"Добрый день, ситуация критическая: мусоропровод задержан крупными отходами, идет разлев канализационных стоков!",cleaning,1,voice,мусоропровод
"Срочно обратите внимание: отходы в подъезде! Идет вероятный разлив канализации со зловонями, требуется выезд АДС!",cleaning,1,formal,подъезд
"Подъезд полон мусора и вони, есть опасные испарами, требуется срочная уборка и проверка на предмет загрязнения!",cleaning,1,emotional,подъезд
"Внимание, в дворе заблокированный мусорбак, идет вероятный разлев и загрязнение территории, пожалуйста выезжайте!",cleaning,1,formal,дворовая территория
"Добрый день, крупный кусок метала засорил мусоропровод, идет разлев канализации, требуется срочная помощь!",cleaning,1,voice,мусоропровод
"Подъезд загажен халатно и ужасно, идет разлив канализационных стоков! Нужны выезд и уборка медлено!",cleaning,1,emotional,подъезд
"Срочно помогите: отходы заблокировали мусоропровод, идет вероятный разлев канализации со зловонями, требуется срочная депортация!",cleaning,1,formal,мусоропровод
"Добрый день, в дворе лежат большие стопки мусора, кажется угрожают загрязнения. Пожалуйста, немедленно выезжайте для уборки!",cleaning,1,voice,дворовая территория
"АБАРИЯ: в подъезде навалены отходы, идет разлив со зловонями, есть опасность для жителей, требуется выезд АДС!",cleaning,1,emotional,подъезд
"Подъезд в ужасном состоянии, мусоропровод застрел, идет разлев стоков. Нужен выезд АДС!",cleaning,1,short,подъезд
"Здравствуйте, в нашем подъезде накопился мусор после последней уборки. Просим обратить на это внимание.",cleaning,0,formal,мусор в подъезде
добрый день стекла от кухонных окон забрызганы с улицы нужна уборка,cleaning,0,typo,грязь в подъезде
"Привет, грязь на дворовой территории не убрана уже целую неделю. Можно было бы наглядеть?",cleaning,0,voice,грязь во дворе
"Уважаемые, в мусоропроводе начался неприятный запах. Пожалуйста, проведите очистку.",cleaning,0,formal,мятый мусоропровод
Во дворе неприятно воняет и грязь до колен. Может что-то сделать?,cleaning,0,emotional,грязь во дворе
В подъезде много мусора. Просим в очередной раз убрать.,cleaning,0,short,мусор в подъезде
"Уважаемые, в коридоре капает из крана. Молим вас обратить внимание.",cleaning,0,formal,грязь в коридоре
"хоть и смешно, но мусоропровод точно надо проверить на наличие стоков. неужели не видите?",cleaning,0,voice,мятый мусоропровод
"Опа, мусор опять. Странно, что никто нормально не убирает.",cleaning,0,emotional,мусор в подъезде
Обочиння на дворе - одно сплошное болото. Надо назначить уборку.,cleaning,0,voice,грязь во дворе
Добрый день. В нашем подъезде вода из кранов выходит с огромным давлением.,water,0,voice,напор
"Вода ледяная, выключили котел. Спасибо.",water,0,short,температура
"Здравствуйте, в квартире 5 подвала наблюдается медленный сток из туалета.",water,0,formal,засор
"Привет, у нас снова вода из кранов ледяная, аккурат ремонтируют трубу?",water,0,voice,напор
"Здрасте, в ванной кран стучит и вода не идет как надо. Помогите пожалуйста.",water,0,typo,засор
"Вода в котле нет, температура ниже 30 градусов. Что делать?",water,0,short,температура
"В квартире на 8 этаже вода из кранов бурого цвета, пожалуйста, визьмите меры.",water,0,formal,угрожающий розлив
"Здравствуйте, открытый кран во дворе обильно лить воду с 24 часа. Прошу внимания.",water,0,formal,указание на утечку
"Привет, в подъезде вода из туалета течет, звонил уже второй день.",water,0,voice,указание на засор
"Добрый день, у нас на 5 этаже вода в квартире начала вытекать из-под душа, пливало полныи потоп, нужно срочно!",water,1,voice,утечка ГВС
"Всем уважаемым, в нашем подвале дождемся от канализации сильный розлив, не могли б вы выслать АДС как можно скорей?",water,1,formal,розлив стоков
"Здравствуйте, у нас в подвале щас ванна порвалась трубу и вода льет как из магниту, кто быстро ффффффффффф!",water,1,emotional,прорваная труба ГВС
"Здравствуйте! Лифт застрял в подвале из-за засора канализации, ждем АДС с минуты на минуту.",water,1,formal,засор канализации
"Привет, у вас сегодни нет воды в кранах, взялась командировка, нужен скорый ростав, пливало полныи накип, пливало в занимкей, хгм, хотелося попить.",water,1,typo,отключение ГВС
"Добрый вечер, в нашем подвале появился нескрывной розлив воды из канализации, необходима немедленная помощь!",water,1,formal,розлив стоков
"Вот такая ситуацыя, ванна перестала греть воду и она льет кипяток повсюду, не могли б вы пошлить срочно АДС?",water,1,emotional,кипяток из трубы ГВС
"Здравствуйте, у нас появился розлив воды из канализации в коридоре подъезда, есть люди на лестнице, требуется срочная помощь!",water,1,formal,розлив стоков
"Ну пребенденье, ванна жмется и пускает кипяток из трубы, тут такой потоп, требуется просто немедленно!",water,1,voice,кипяток из трубы ГВС
"Вот и зафрась, ванна начала вытекать кипяток во всю линию в подвале, все извиняюсь но ситуацыя критичнаж, потребуется АДС!",water,1,voice,кипяток из трубы ГВС
"Добрый вечер, тут человек застрял в подъезде, дверь не открываеться, нужен выезд АДС!",door,1,voice,задымление
"Здравствуйте, на домофоне мигаеть оранжевый огонек, но вход же не откриутается.",door,1,formal,замок изнешний
"привет, дверь па подвале не открываеться, ослабал замочек, нужно сию же минуту, пожалуста",door,1,typo,замочек слабый
"Внимание! Дверь в подвале заблокирована, человек могь застряться, требуется немедленная помощь!",door,1,emotional,заблокирована дверь
"Авария! Дверь входная не открываеться внутри, кто-то осталсь за дверьмю!",door,1,short,задымлание
"Простите, на сломалась доводчик двери, не открываеться, насовсемь заблокировали!",door,1,typo,доводчик сломалсь
"Здравствуйте, доводчик двери не работаеть, вход полностью заблокирован, немедленная помощь!",door,1,formal,доводчик не работаеть
"Вызываю срочную помощь, не открываеться дверь с застрошым доводчиком на входе, ослабилось!",door,1,voice,доводчик ослабилсь
"Помогите, дверь не открываеться, доводчик не слушаеться, заблокированы!",door,1,short,доводчик не слушаеться
"Авария! Замочек слабый, дверь не открываеться изнутри, нужна немедленная помощь!",door,1,emotional,замочек слабый
"Здравствуйте, фасад здания окрашен неправильным цветом, пожалуйста, проверьте.",other,0,formal,фасад
"Привет, в моем подъезде капает вода с крыши, попросите проверить крошечку.",other,0,voice,крыша
"Уважаемые, на балконе 4 подвезда висит шарнир, нуждается в ремонте.",other,0,formal,балкон
"Здрсвствйте уважаемые, у нас на кровле слышны шумы от ветра, попросите проверить.",other,0,typo,крыша
"Здравствуйте, в балконе 7 подвезда гниеют доски, нужно ремонтировать.",other,0,short,балкон
"Попросите кемпанию проверить как стойит наш фасад, есть трещны.",other,0,voice,фасад
"Уважаемые, на балконе 2 подвезда обрушилась обшивка, нужное ремонте.",other,0,typo,балкон
"Здравствуйте, в нашем доме копает вода с фасада, попросите проверить крошечку.",other,0,formal,фасад
"Уважаемые, сосульки на нашем балконе треснули, нуждается в ремонте.",other,0,voice,сосульки
"Здрвствуйте, кровля соседнего дома капает, это влияет на наш подъезд.",other,0,typo,крыша
"Уважаемые, на третьем этаже из радиатора текут воды, мокнет всё. Немедленной помощи пожалуйста.",heating,1,voice,течь из радиатора в мороз
"Привет, с моей квартиры в подъезде потоп, похоже, лопнул радиатор. Необходимо медлеутсво!",heating,1,typo,лопнул радиатор
"Воды, спасайтесь! В моей квартире лопнул радиатор. Потоп идет как из ведра!",heating,1,emotional,лопнул радиатор с потопом
"Срочно! Из моей батареи идет вода. Мой плиту увидила, пожалуйста выезжайте!",heating,1,short,течь из батареи
"Добрый день, из стояков нашей батареи лет вода. Необходимо медленное вмешательство!",heating,1,formal,течь из стояков
Внимание! В моей батарее заводишься воздух и стоит вода. Срочная помощь!,heating,1,voice,завоздушивание батареи с водой
"Ходец цито! С моей батареи снега идет в лоббанню, дзенате вам срочную помощь!",heating,1,typo,течь снега из батареи
Привет! У нас на батарее пар пашет во весь подъезд. Не могу туда войтить!,heating,1,short,пар на батарее
Срочной помощи необходимо! Вода сверхуменниками валит в коридор от водянои системы отаения. Потоп!,heating,1,emotional,гигантский потоп от отаения
Внимание! В батарее почти темно и пахнет пахом. Необходимо завршение ремонта!,heating,1,formal,пах от пара в батарее
"Привет, в батарее температура слишком низкая. Помогите пожалуйста.",heating,0,voice,температура батареи
"Здравствуйте, в квартире 205 отопление слабое. Может нужно закрыть заводу?",heating,0,formal,завоздушивание
"Добрый день, в подвале стоит течь из радиатора. Прошу прислать услуги",heating,0,formal,течи стояков
"привет, в батарее снова начался пар. может вы посмотрите?",heating,0,voice,пар
"Здравствуйте, в батареи 5 этажа температура нестабильная. Пожалуйста, проверьте",heating,0,formal,температура батареи
"Привет, в квартире перегрев пошел. Может завод закрыть?",heating,0,voice,завоздушивание
"Добрый день, стояк лопнул в подвале. Что делать?",heating,0,formal,течи стояков
"привет, опять вода в батарее. помогите ввремя",heating,0,voice,пар
"Здравствуйте, в батарее 3 этажа течь не останавливается. Прошу помочь",heating,0,formal,течи стояков
"привет, в батарее много пару. можете закрыть завод?",heating,0,voice,пар
"Здравствуйте, в лифте застрял человек на 5 этаже, пожалуйста, направьте АДС немедленно.",lift,1,formal,застрял человек
"Срочно требуется АДС! Лифт на 2 этаже не работает, внутри есть люди!",lift,1,voice,застрял человек
ПРОСЬЁМ НЕМЕДЛЕННОГО выезда Аварийнй-диспетчерской службы! Лифт на 6 этаже застрял с человеком внутри.,lift,1,typo,застрял человек
Авария!!! Лифт немедленно нужно открывать!!! В нём человек застрял на 8 этаже!!! Это очень опасно!!!,lift,1,emotional,застрял человек
ЧПО!!! Лифт застрял с людьми на 1 этаже!!! НУЖНО АДС немедленно!!!,lift,1,short,застрял человек
"Уважаемая АО, на 4 этаже лифт застрял, пожалуйста, вызвите АДС немедленно.",lift,1,formal,застрял человек
"Лифт на 7 этаже перестал двигаться, внутри есть человек, требуется АДС немедленно!",lift,1,voice,застрял человек
ОБЩЕНИЕ!!! Лифт на 3 этаже заклинил человека внутри!!! Нужен АДС немеедленно!!!,lift,1,typo,застрял человек
ОТЧЕСТИ НЕМЕДЛЕННО!!! Лифт на 10 этаже застрял с людьми внутри!!! Это очень опасно!!!,lift,1,emotional,застрял человек
Лифт застрял с человеком на 9 этаже! НУЖНО немедленно АДС!,lift,1,short,застрял человек
"Добрый день, нужно срочно отключить отсек с искрением возле щитка управления в 5 подъезде.",light,1,formal,искрение у щитка управления
"Привет, произошло короткое замыкание с искрами на 7 этаже, опасно подходить к щитку.",light,1,voice,искрение на этаже
"Здравствуйте, в подъезде 4 появились искры из щитка, опасно подходить.",light,1,typo,искрение в подъезде
"Срочно нужен выезд, искрит под щитком и пахнет сигаретой, пожалуйста.",light,1,formal,искрение с запахом гари
"В 9 подъезде искрит в дверном блоке, требуется срочная дезактивация.",light,1,short,искрение в дверном блоке
"Есть ситуация в 10 подъезде, провода на втором этаже горят, требуется срочное вмешательство!",light,1,emotional,провода горят
"Очень нужна помощь, щиток находится в состоянии взрыва, в соседней квартире дети!",light,1,voice,опасный щиток
"Проблема с электроустановкой в подъезде, появились искры, нужен срочный выезд.",light,1,typo,искрение в электроустановке
"Мы оцепенели, у нас перед щитком взрыв, все темно и пахнет гарью, пожалуйста, помогите!",light,1,emotional,взрыв и запах гари
"Пожалуйста, срочно выезжайте на 3 подъезд, щиток искрит, опасно подходить.",light,1,short,шокирующее искрение
